{"60": 0.047619047619047616, "61": 0.047619047619047616, "62": 0.12698412698412698, "63": 0.2619047619047619, "64": 0.031746031746031744, "65": 0.047619047619047616, "66": 0.30303030303030304, "67": 0.023809523809523808, "68": 0.015873015873015872, "69": 0.023809523809523808}