{"70": 0.07692307692307693, "71": 0.02197802197802198, "72": 0.02197802197802198, "73": 0.14285714285714285, "74": 0.04395604395604396, "75": 0.2087912087912088, "76": 0.01098901098901099, "77": 0.2787878787878788, "78": 0.02197802197802198, "79": 0.054945054945054944}