{"00": 0.7068965517241379, "01": 0.11764705882352941, "02": 0.058823529411764705, "03": 0.029411764705882353, "04": 0.0, "05": 0.058823529411764705, "06": 0.0, "07": 0.029411764705882353, "08": 0.23529411764705882, "09": 0.08823529411764706}