{"10": 0.030303030303030304, "11": 0.9600484261501211, "15": 0.030303030303030304, "16": 0.0, "18": 0.06060606060606061, "19": 0.24242424242424243}