{"30": 0.0374331550802139, "31": 0.0106951871657754, "32": 0.0213903743315508, "33": 0.4743276283618582, "34": 0.03208556149732621, "35": 0.2887700534759359, "36": 0.0374331550802139, "37": 0.03208556149732621, "38": 0.0106951871657754, "39": 0.0213903743315508}