{"50": 0.0, "52": 0.031746031746031744, "53": 0.25396825396825395, "54": 0.0, "55": 0.8924914675767918, "56": 0.015873015873015872, "57": 0.047619047619047616}