{"70": 0.018867924528301886, "72": 0.03773584905660377, "73": 0.09433962264150944, "74": 0.1509433962264151, "75": 0.09433962264150944, "76": 0.018867924528301886, "77": 0.9328263624841572, "78": 0.0, "79": 0.018867924528301886}