{"40": 0.11267605633802817, "41": 0.0035211267605633804, "42": 0.07746478873239436, "43": 0.12323943661971831, "44": 0.23271889400921658, "45": 0.08098591549295776, "46": 0.07042253521126761, "47": 0.1056338028169014, "48": 0.007042253521126761, "49": 0.02112676056338028}