{"60": 0.0, "61": 0.0, "62": 0.13414634146341464, "63": 0.06097560975609756, "64": 0.08536585365853659, "65": 0.024390243902439025, "66": 0.906392694063927, "67": 0.0, "68": 0.0, "69": 0.012195121951219513}