{"20": 0.09090909090909091, "21": 0.012987012987012988, "22": 0.8864306784660767, "23": 0.06493506493506493, "24": 0.07792207792207792, "25": 0.025974025974025976, "26": 0.05194805194805195, "27": 0.03896103896103896}