{"10": 0.21951219512195122, "11": 0.7172413793103448, "12": 0.024390243902439025, "13": 0.024390243902439025, "15": 0.0, "16": 0.0, "17": 0.024390243902439025, "18": 0.0975609756097561, "19": 0.3170731707317073}