{"90": 0.16279069767441862, "91": 0.43023255813953487, "93": 0.05813953488372093, "94": 0.011627906976744186, "95": 0.0, "96": 0.011627906976744186, "97": 0.03488372093023256, "98": 0.06976744186046512, "99": 0.43523316062176165}