{"40": 0.0, "42": 0.061855670103092786, "43": 0.09278350515463918, "44": 0.8789013732833958, "45": 0.061855670103092786, "46": 0.030927835051546393, "47": 0.061855670103092786}