{"80": 0.2727272727272727, "81": 0.06818181818181818, "83": 0.022727272727272728, "84": 0.022727272727272728, "85": 0.0, "87": 0.0, "88": 0.9521218715995647, "89": 0.06818181818181818}