{"20": 0.24686192468619247, "21": 0.008368200836820083, "22": 0.24266666666666667, "23": 0.1087866108786611, "24": 0.0794979079497908, "25": 0.07531380753138076, "26": 0.03347280334728033, "27": 0.04602510460251046, "28": 0.04184100418410042, "29": 0.012552301255230125}