{"90": 0.1111111111111111, "91": 0.3055555555555556, "93": 0.0, "96": 0.027777777777777776, "97": 0.027777777777777776, "98": 0.08333333333333333, "99": 0.9574468085106383}