{"80": 0.5168539325842697, "81": 0.15730337078651685, "82": 0.011235955056179775, "83": 0.02247191011235955, "84": 0.02247191011235955, "85": 0.011235955056179775, "86": 0.0, "87": 0.011235955056179775, "88": 0.2246376811594203, "89": 0.07865168539325842}