{"50": 0.016260162601626018, "51": 0.032520325203252036, "52": 0.056910569105691054, "53": 0.2926829268292683, "54": 0.04065040650406504, "55": 0.5824915824915825, "56": 0.016260162601626018, "57": 0.04878048780487805, "58": 0.008130081300813009, "59": 0.016260162601626018}