{"30": 0.0, "31": 0.0, "32": 0.0, "33": 0.8275193798449613, "34": 0.02247191011235955, "35": 0.30337078651685395, "36": 0.0449438202247191, "37": 0.033707865168539325}